,resturant_id,resturant,resturant_rating,cuisine,resturant_review_count,phone,address
0,fiore-deli-of-hoboken-hoboken,Fiore Deli of Hoboken,4.5,"['Delis', 'Italian']",486,(201) 659-1655,"414 Adams St Hoboken, NJ 07030"
0,anthony-davids-hoboken,Anthony David’s,4.0,"['Breakfast & Brunch', 'American (New)', 'Italian']",592,(201) 222-8399,"953 Bloomfield St Hoboken, NJ 07030"
0,m-and-p-biancamano-hoboken,M & P Biancamano,4.5,"['Grocery', 'Delis']",171,(201) 795-0274,"1116 Washington St Hoboken, NJ 07030"
0,mamouns-falafel-restaurant-hoboken,Mamoun’s Falafel Restaurant,4.0,"['Middle Eastern', 'Falafel']",698,(201) 656-0310,"300 Washington St Hoboken, NJ 07030"
0,bw%C3%A8-kafe-hoboken,bwè kafe,4.5,"['Cafes', 'Coffee & Tea']",242,(201) 683-0045,"1002 Washington St Hoboken, NJ 07030"
0,la-isla-restaurant-hoboken,La Isla Restaurant,4.0,['Cuban'],835,(201) 659-8197,"104 Washington St Hoboken, NJ 07030"
0,the-cuban-restaurant-and-bar-hoboken-2,The Cuban Restaurant and Bar,4.0,"['Cuban', 'Bars', 'Latin American']",929,(201) 795-9899,"333 Washington St Hoboken, NJ 07030"
0,karma-kafe-hoboken,Karma Kafe,4.0,['Indian'],566,(201) 610-0900,"505 Washington St Hoboken, NJ 07030"
0,amandas-restaurant-hoboken-2,Amanda’s Restaurant,4.0,"['Breakfast & Brunch', 'American (New)']",537,(201) 798-0101,"908 Washington St Hoboken, NJ 07030"
0,vitos-italian-deli-hoboken,Vito’s Italian Deli,4.5,['Delis'],269,(201) 792-4944,"806 Washington St Hoboken, NJ 07030"
0,grimaldis-hoboken,Grimaldi’s,4.0,['Pizza'],378,(201) 792-0010,"411 Washington St Hoboken, NJ 07030"
0,sweet-hoboken,Sweet,4.0,"['Desserts', 'Bakeries', 'Cupcakes']",221,(201) 420-0111,"343 Garden St Hoboken, NJ 07030"
0,tutta-pesca-hoboken,Tutta Pesca,4.5,"['Seafood', 'Seafood Markets', 'Italian']",202,(201) 710-7727,"155 3rd St Hoboken, NJ 07030"
0,choc-o-pain-hoboken-2,Choc O Pain,4.0,"['Bakeries', 'French', 'Cooking Classes']",304,(201) 710-5175,"157 1st St Hoboken, NJ 07030"
0,satay-malaysian-cuisine-hoboken-2,Satay Malaysian Cuisine,3.5,"['Malaysian', 'Chinese', 'Asian Fusion']",472,(201) 386-8688,"99 Washington St Hoboken, NJ 07030"
0,old-german-bakery-hoboken,Old German Bakery,4.0,['Bakeries'],236,(201) 683-8644,"332 Washington St Hoboken, NJ 07030"
0,benny-tudinos-pizzeria-hoboken,Benny Tudino’s Pizzeria,3.5,['Pizza'],614,(201) 792-4132,"622 Washington St Hoboken, NJ 07030"
0,zacks-oak-bar-and-restaurant-hoboken,Zack’s Oak Bar & Restaurant,4.0,"['American (Traditional)', 'Bars']",381,(201) 653-7770,"232 Willow Ave Hoboken, NJ 07030"
0,empire-coffee-and-tea-company-hoboken,Empire Coffee & Tea Company,4.0,['Coffee & Tea'],210,(201) 216-9625,"338 Bloomfield St Hoboken, NJ 07030"
0,elysian-cafe-hoboken,Elysian Cafe,3.5,"['American (New)', 'French', 'Bars']",498,(201) 798-5898,"1001 Washington St Hoboken, NJ 07030"
0,johnny-pepperoni-hoboken,Johnny Pepperoni,4.0,"['Pizza', 'Italian']",324,(201) 850-1533,"219 11th St Hoboken, NJ 07030"
0,grand-vin-hoboken,Grand Vin,4.0,"['Wine Bars', 'Italian', 'Cocktail Bars']",293,(201) 656-0012,"500 Grand St Hoboken, NJ 07030"
0,onieals-hoboken,Onieals,4.0,"['American (Traditional)', 'Sports Bars']",321,(201) 653-1492,"343 Park Ave Hoboken, NJ 07030"
0,ali-baba-hoboken-2,Ali Baba,4.0,"['Mediterranean', 'Middle Eastern', 'Vegetarian']",230,(201) 653-5319,"912 Washington St Hoboken, NJ 07030"
0,carlos-bakery-hoboken,Carlo’s Bakery,3.0,"['Bakeries', 'Desserts', 'Cupcakes']",1240,(201) 659-3671,"95 Washington St Hoboken, NJ 07030"
0,augustinos-hoboken,Augustino’s,4.0,['Italian'],255,(201) 420-0104,"1104 Washington St Hoboken, NJ 07030"
0,antique-bar-and-bakery-hoboken-2,Antique Bar & Bakery,4.0,"['American (New)', 'Steakhouses', 'Cocktail Bars']",393,(201) 683-7029,"122 Willow Ave Hoboken, NJ 07030"
0,empanadas-cafe-hoboken-2,Empanadas Cafe,4.5,"['Empanadas', 'Cafes']",172,(201) 683-3069,"123 Washington St Hoboken, NJ 07030"
0,robongi-hoboken,Robongi,3.5,"['Japanese', 'Sushi Bars']",445,(551) 227-4992,"520 Washington St Hoboken, NJ 07030"
0,makai-poke-hoboken-13,Makai Poke,4.0,"['Poke', 'Acai Bowls', 'Asian Fusion']",191,(201) 683-5830,"521 Washington St Hoboken, NJ 07030"
0,black-rail-coffee-hoboken,Black Rail Coffee,4.5,"['Coffee & Tea', 'Cafes', 'Sandwiches']",97,(201) 222-7400,"800 Jackson St Hoboken, NJ 07030"
0,turning-point-of-hoboken-hoboken,Turning Point of Hoboken,3.5,['Breakfast & Brunch'],573,(201) 222-3797,"1420 Frank Sinatra Dr Hoboken, NJ 07030"
0,bareburger-hoboken,Bareburger,3.5,"['Burgers', 'Salad', 'American (Traditional)']",321,(201) 683-6565,"515 Washington St Hoboken, NJ 07030"
0,okinawa-sushi-and-grill-hoboken-2,Okinawa Sushi & Grill,4.0,"['Japanese', 'Sushi Bars', 'Thai']",292,(201) 222-0298,"400 Newark StSte 8 Hoboken, NJ 07030"
0,tony-boloneys-hoboken,Tony Boloney’s,3.5,"['Salad', 'Pizza', 'Sandwiches']",489,(201) 222-8669,"263 1st St Hoboken, NJ 07030"
0,cucharamama-hoboken,Cucharamama,3.5,"['Latin American', 'Beer Bar', 'Cocktail Bars']",381,(201) 420-1700,"233 Clinton St Hoboken, NJ 07030"
0,arthurs-steaks-hoboken,Arthurs Steaks,3.5,"['Steakhouses', 'Bars', 'American (Traditional)']",490,(201) 656-5009,"237 Washington St Hoboken, NJ 07030"
0,court-street-restaurant-and-bar-hoboken,Court Street Restaurant & Bar,4.0,"['American (Traditional)', 'Seafood', 'Breakfast & Brunch']",261,(201) 795-4515,"61 6th St Hoboken, NJ 07030"
0,morans-hoboken,Moran’s,4.5,"['Pubs', 'Gastropubs', 'Breakfast & Brunch']",105,(201) 795-2025,"501 Garden St Hoboken, NJ 07030"
0,la-casa-hoboken,La Casa,4.5,"['Cuban', 'Dominican', 'Puerto Rican']",146,(201) 683-7970,"54 Newark St Hoboken, NJ 07030"
0,bin-14-hoboken,Bin 14,3.5,"['Wine Bars', 'Italian']",447,(201) 963-9463,"1314 Washington St Hoboken, NJ 07030"
0,gogi-grill-hoboken-hoboken-2,Gogi Grill - Hoboken,4.0,"['Korean', 'Asian Fusion', 'Fast Food']",183,(201) 792-4504,"79 Hudson St Hoboken, NJ 07030"
0,otto-strada-hoboken-3,Otto Strada,4.0,"['Italian', 'Pizza']",242,(201) 792-8880,"743 Park Ave Hoboken, NJ 07030"
0,midtown-philly-steaks-hoboken-2,Midtown Philly Steaks,4.0,"['Sandwiches', 'Cheesesteaks', 'Chicken Wings']",220,(201) 610-0610,"523 Washington St Hoboken, NJ 07030"
0,the-brass-rail-hoboken,The Brass Rail,3.5,"['American (New)', 'Bars']",444,(201) 659-7074,"135 Washington St Hoboken, NJ 07030"
0,simply-juiced-hoboken,Simply Juiced,4.5,"['Vegan', 'Juice Bars & Smoothies', 'Live/Raw Food']",108,(201) 420-8888,"262A 1st St Hoboken, NJ 07030"
0,coopers-union-hoboken,Cooper’s Union,4.0,['Cocktail Bars'],155,(201) 222-3443,"104 Hudson St Hoboken, NJ 07030"
0,napolis-brick-oven-pizza-hoboken,Napoli’s Brick Oven Pizza,3.5,"['Pizza', 'Italian']",437,(201) 216-0900,"1118 Washington St Hoboken, NJ 07030"
0,rosticeria-da-gigi-hoboken,Rosticeria Da Gigi,4.0,"['Italian', 'Sandwiches', 'Breakfast & Brunch']",170,(201) 710-5850,"916 Washington St Hoboken, NJ 07030"
0,charritos-hoboken-3,Charrito’s,3.5,['Mexican'],434,(201) 418-8600,"121 Washington St Hoboken, NJ 07030"
0,bean-vault-coffee-hoboken,Bean Vault Coffee,4.0,"['Coffee & Tea', 'Bakeries']",121,(201) 526-4380,"1 Newark St Hoboken, NJ 07030"
0,del-friscos-grille-hoboken,Del Frisco’s Grille,3.5,"['American (New)', 'Steakhouses', 'Cocktail Bars']",323,(201) 653-0195,"221 River St Hoboken, NJ 07030"
0,shaka-bowl-hoboken,Shaka Bowl,4.0,"['Poke', 'Acai Bowls', 'Hawaiian']",182,(201) 381-1647,"720 Monroe StSte E103 Hoboken, NJ 07030"
0,illuzion-hoboken,Illuzion,3.5,"['Japanese', 'Sushi Bars']",367,(201) 418-8833,"337 Washington St Hoboken, NJ 07030"
0,zafra-kitchen-hoboken,Zafra Kitchen,3.5,"['Latin American', 'Tapas Bars', 'Cuban']",286,(201) 610-9801,"301 Willow Ave Hoboken, NJ 07030"
0,kung-fu-tea-hoboken,Kung Fu Tea,4.5,"['Bubble Tea', 'Coffee & Tea', 'Juice Bars & Smoothies']",82,(201) 222-9091,"536 Washington St Hoboken, NJ 07030"
0,halifax-hoboken-2,Halifax,3.5,"['Seafood', 'American (Traditional)', 'Breakfast & Brunch']",270,(201) 253-2500,"225 River StFl 1 Hoboken, NJ 07030"
0,green-pear-cafe-hoboken,Green Pear Cafe,4.5,"['Breakfast & Brunch', 'Gluten-Free', 'Modern European']",112,(201) 659-0940,"93 Grand St Hoboken, NJ 07030"
0,sushi-lounge-hoboken,Sushi Lounge,3.5,['Sushi Bars'],326,(201) 386-1117,"200 Hudson St Hoboken, NJ 07030"
0,leos-grandevous-hoboken,Leo’s Grandevous,3.5,"['Italian', 'Pizza']",273,(201) 659-9467,"200 Grand St Hoboken, NJ 07030"
0,frank-sinatra-park-hoboken,Frank Sinatra Park,4.5,['Parks'],41,(201) 420-2349,"401 Sinatra Dr Hoboken, NJ 07030"
0,san-giuseppe-hoboken,San Giuseppe,4.0,"['Italian', 'Pizza']",238,(201) 942-9200,"1320 Adams St Hoboken, NJ 07030"
0,mikie-squared-bar-and-grill-hoboken,Mikie Squared Bar & Grill,3.5,"['American (New)', 'Sports Bars']",217,(201) 792-0001,"616 Washington St Hoboken, NJ 07030"
0,barb%C3%A8s-restaurant-hoboken,Barbès Restaurant,4.0,"['French', 'Moroccan']",135,(201) 610-1000,"1300 Park Ave Hoboken, NJ 07030"
0,pier-c-hoboken,Pier C,5.0,['Parks'],39,,"220 Sinatra Dr Hoboken, NJ 07030"
0,bluestone-lane-hoboken,Bluestone Lane,4.0,"['Coffee & Tea', 'Gluten-Free', 'Breakfast & Brunch']",137,(718) 374-6858,"409 Washington St Hoboken, NJ 07030"
0,zero-otto-uno-cafe-hoboken,Zero Otto Uno Cafe,4.0,"['Pizza', 'Italian']",94,(201) 683-5593,"502 Washington St Hoboken, NJ 07030"
0,the-little-grocery-downtown-hoboken,The Little Grocery Downtown,4.0,"['Grocery', 'Breakfast & Brunch', 'Sandwiches']",162,(201) 610-9220,"214 Jefferson St Hoboken, NJ 07030"
0,house-of-que-hoboken-2,House of ‘Que,3.5,['Barbeque'],413,(201) 706-8755,"340 Sinatra Dr Hoboken, NJ 07030"
0,luca-brasis-deli-hoboken-151,Luca Brasi’s Deli,3.5,"['Delis', 'Sandwiches', 'Breakfast & Brunch']",270,(201) 217-9960,"100 Park Ave Hoboken, NJ 07030"
0,the-madison-bar-and-grill-hoboken,The Madison Bar & Grill,3.5,"['Bars', 'American (New)']",373,(201) 386-0300,"1316 Washington St Hoboken, NJ 07030"
0,pier-c-hoboken,Pier C,5.0,['Parks'],39,,"220 Sinatra Dr Hoboken, NJ 07030"
0,bluestone-lane-hoboken,Bluestone Lane,4.0,"['Coffee & Tea', 'Gluten-Free', 'Breakfast & Brunch']",137,(718) 374-6858,"409 Washington St Hoboken, NJ 07030"
0,zero-otto-uno-cafe-hoboken,Zero Otto Uno Cafe,4.0,"['Pizza', 'Italian']",94,(201) 683-5593,"502 Washington St Hoboken, NJ 07030"
0,the-little-grocery-downtown-hoboken,The Little Grocery Downtown,4.0,"['Grocery', 'Breakfast & Brunch', 'Sandwiches']",162,(201) 610-9220,"214 Jefferson St Hoboken, NJ 07030"
0,house-of-que-hoboken-2,House of ‘Que,3.5,['Barbeque'],413,(201) 706-8755,"340 Sinatra Dr Hoboken, NJ 07030"
0,luca-brasis-deli-hoboken-151,Luca Brasi’s Deli,3.5,"['Delis', 'Sandwiches', 'Breakfast & Brunch']",270,(201) 217-9960,"100 Park Ave Hoboken, NJ 07030"
0,the-madison-bar-and-grill-hoboken,The Madison Bar & Grill,3.5,"['Bars', 'American (New)']",373,(201) 386-0300,"1316 Washington St Hoboken, NJ 07030"
0,dino-and-harrys-hoboken-4,Dino & Harrys Steakhouse,3.5,"['Steakhouses', 'Wine Bars']",280,(201) 659-6202,"163 14th St Hoboken, NJ 07030"
0,ritas-italian-ice-hoboken,Rita’s Italian Ice,4.0,"['Ice Cream & Frozen Yogurt', 'Desserts', 'Shaved Ice']",84,,"121 Washington St Hoboken, NJ 07030"
0,la-isla-restaurant-uptown-hoboken,La Isla Restaurant - Uptown,3.5,['Cuban'],273,(201) 659-6090,"25 12th St Hoboken, NJ 07030"
0,panello-hoboken,Panello,4.0,"['Pizza', 'Italian']",169,(201) 683-4734,"720 Monroe StC105 Hoboken, NJ 07030"
0,mulligans-hoboken,Mulligan’s,4.0,"['Irish', 'Sports Bars']",101,(201) 876-4101,"159 1st St Hoboken, NJ 07030"
0,baking-mama-hoboken,Baking Mama,4.5,"['Bakeries', 'Macarons', 'Desserts']",61,(201) 683-0854,"88 Hudson St Hoboken, NJ 07030"
0,cafe-michelina-hoboken,Cafe Michelina,3.5,['Italian'],190,(201) 659-3663,"423 Bloomfield St Hoboken, NJ 07030"
0,o-bagel-hoboken,O’Bagel,3.5,"['Breakfast & Brunch', 'Bagels']",257,(201) 683-8600,"600 Washington St Hoboken, NJ 07030"
0,t-thai-hoboken,T Thai,3.5,['Thai'],240,(201) 386-1522,"102 Hudson St Hoboken, NJ 07030"
0,honeygrow-hoboken,honeygrow,3.5,"['Salad', 'Vegetarian', 'Noodles']",267,(201) 533-8089,"120 Washington St Hoboken, NJ 07030"
0,acai-ya-later-hoboken,Acai Ya Later,4.0,"['Acai Bowls', 'Juice Bars & Smoothies', 'Vegan']",97,(201) 914-6069,"203 Washington St Hoboken, NJ 07030"
0,piccolos-cheesesteaks-hoboken-hoboken,Piccolos Cheesesteaks Hoboken,4.0,['Cheesesteaks'],83,(201) 653-0564,"92 Clinton St Hoboken, NJ 07030"
0,ultramarinos-hoboken,Ultramarinos,4.0,"['Cafes', 'Latin American', 'Breakfast & Brunch']",86,(201) 238-2797,"260 3rd St Hoboken, NJ 07030"
0,vivi-bubble-tea-hoboken,Vivi Bubble Tea,3.5,"['Ramen', 'Bubble Tea', 'Taiwanese']",189,(201) 626-3889,"117 Washington St Hoboken, NJ 07030"
0,black-bear-bar-and-grill-hoboken,Black Bear Bar & Grill,3.0,"['Sports Bars', 'American (New)']",333,(201) 656-5511,"205 Washington St Hoboken, NJ 07030"
0,doms-bakery-grand-hoboken,Dom’s Bakery Grand,5.0,['Bakeries'],31,(201) 653-1948,"506 Grand St Hoboken, NJ 07030"
0,south-street-fish-and-ramen-co-hoboken,South Street Fish & Ramen Co,4.0,"['Poke', 'Asian Fusion', 'Ramen']",115,(201) 683-9878,"219 Washington St Hoboken, NJ 07030"
0,soul-curry-hoboken,Soul Curry,4.0,['Indian'],68,(201) 683-9431,"618 Washington St Hoboken, NJ 07030"
0,frankie-and-avas-italian-eatery-hoboken-2,Frankie and Avas Italian Eatery,4.0,"['Delis', 'Italian']",139,(201) 683-7890,"208 Washington St Hoboken, NJ 07030"
0,blue-eyes-restaurant-hoboken,Blue Eyes Restaurant,3.5,"['Pizza', 'Cafes', 'Italian']",231,(201) 683-6861,"525 Sinatra Dr Hoboken, NJ 07030"
0,tosti-cafe-and-kitchen-hoboken,Tosti Cafe & Kitchen,4.5,"['Coffee & Tea', 'Breakfast & Brunch']",67,(201) 683-7060,"1024 Washington St Hoboken, NJ 07030"
0,chicken-factory-hoboken,Chicken Factory,3.5,"['Chicken Wings', 'Korean']",158,(201) 683-8243,"529 Washington St Hoboken, NJ 07030"
0,quality-greens-kitchen-hoboken,Quality Greens Kitchen,4.0,"['American (New)', 'Salad', 'Gluten-Free']",118,(201) 659-4361,"227 Washington St Hoboken, NJ 07030"
0,lo-fatt-chow-hoboken,Lo-Fatt-Chow,4.0,['Chinese'],93,(201) 798-5050,"720 Monroe St C-103(Monroe & 8th St) Hoboken, NJ 07030"
0,sushi-house-hoboken,Sushi House,3.5,"['Japanese', 'Sushi Bars']",247,(201) 656-7788,"155 1st St Hoboken, NJ 07030"
0,trattoria-saporito-hoboken-2,Trattoria Saporito,3.5,['Italian'],233,(201) 533-1801,"328 Washington St Hoboken, NJ 07030"
0,city-bistro-hoboken,City Bistro,3.5,"['Bars', 'American (New)']",326,(201) 963-8200,"56-58 14th St Hoboken, NJ 07030"
0,hoboken-hot-bagels-hoboken,Hoboken Hot Bagels,3.5,"['Breakfast & Brunch', 'Bagels']",176,(201) 798-9640,"634 Washington St Hoboken, NJ 07030"
0,dozzino-hoboken,Dozzino,3.5,['Pizza'],278,(201) 656-6561,"534 Adams St Hoboken, NJ 07030"
0,cork-city-hoboken,Cork City,4.0,['Pubs'],108,(201) 963-5512,"239 Bloomfield StSte A Hoboken, NJ 07030"
0,greektown-hoboken-3,Greektown,4.0,"['Greek', 'Salad']",132,(201) 222-3031,"86 Garden St Hoboken, NJ 07030"
0,ainsworth-hoboken-hoboken,Ainsworth Hoboken,3.0,"['Sports Bars', 'American (New)']",371,(201) 716-7070,"310 Sinatra Dr Hoboken, NJ 07030"
0,the-stewed-cow-hoboken,The Stewed Cow,3.5,"['Bars', 'American (New)']",215,(201) 706-8589,"400 Adams St Hoboken, NJ 07030"
0,gfg-bakery-cafe-hoboken,GFG Bakery Cafe,4.0,"['Bakeries', 'Greek', 'Sandwiches']",111,(201) 533-1040,"221 River St Hoboken, NJ 07030"
0,pier-a-park-hoboken,Pier A Park,4.5,['Parks'],49,,"100 Sinatra Dr Hoboken, NJ 07030"
0,ayame-hibachi-and-sushi-hoboken,Ayame Hibachi & Sushi,3.5,"['Japanese', 'Sushi Bars']",226,(201) 222-8148,"526 Washington St Hoboken, NJ 07030"
0,losurdos-italian-bakery-and-deli-hoboken,Losurdo’s Italian Bakery & Deli,4.5,"['Bakeries', 'Delis', 'Italian']",41,(201) 659-4766,"410 2nd St Hoboken, NJ 07030"
0,keming-restaurant-hoboken-2,Keming Restaurant,3.5,"['Szechuan', 'Hot Pot']",125,(201) 656-6108,"1006 Washington St Hoboken, NJ 07030"
0,precious-chinese-cuisine-hoboken,Precious Chinese Cuisine,3.5,['Chinese'],245,(201) 798-8827,"128 Washington StSte 1 Hoboken, NJ 07030"
0,union-hall-hoboken,Union Hall,3.5,['Gastropubs'],148,(201) 683-8900,"306 Sinatra Dr Hoboken, NJ 07030"
0,east-la-hoboken,East LA,3.0,"['Mexican', 'Bars']",362,(201) 798-0052,"508 Washington St Hoboken, NJ 07030"
0,la-bouche-cafe-hoboken-2,La Bouche Cafe,3.5,"['French', 'Breakfast & Brunch', 'Sandwiches']",162,(201) 656-9100,"103 Garden St Hoboken, NJ 07030"
0,sri-thai-thai-restaurant-hoboken,Sri Thai Thai Restaurant,3.5,['Thai'],188,(201) 798-4822,"234 Bloomfield St Hoboken, NJ 07030"
0,pho-nomenon-noodle-and-grill-hoboken,Pho Nomenon Noodle & Grill,3.0,"['Vietnamese', 'Noodles']",224,(201) 706-8554,"516 Washington St Hoboken, NJ 07030"
0,stacks-pancake-house-and-cafe-hoboken-2,Stacks Pancake House & Cafe,3.0,"['Breakfast & Brunch', 'Barbeque']",397,(201) 710-5777,"506 Washington St Hoboken, NJ 07030"
0,dolce-and-salato-hoboken,Dolce & Salato,4.5,"['Coffee & Tea', 'Gelato', 'Italian']",35,(201) 420-9182,"1101 Grand St Hoboken, NJ 07030"
0,lolas-hoboken,Lola’s,3.5,"['Spanish', 'Tapas Bars', 'Wine Bars']",169,(201) 420-6062,"153 14th St Hoboken, NJ 07030"
0,16-handles-hoboken,16 Handles,4.0,"['Ice Cream & Frozen Yogurt', 'Desserts', 'Juice Bars & Smoothies']",82,(201) 217-0858,"1185 Maxwell Pl Hoboken, NJ 07030"
0,pizza-republic-hoboken,Pizza Republic,3.5,['Pizza'],202,(201) 798-8210,"406 Washington St Hoboken, NJ 07030"
0,sorellina-hoboken,Sorellina,3.5,"['Wine Bars', 'Italian']",202,(201) 963-3333,"1036 Washington St Hoboken, NJ 07030"
0,mr-wraps-hoboken,Mr Wraps,3.5,['American (New)'],104,(201) 386-3200,"741 Garden St Hoboken, NJ 07030"
0,yeung-ii-sushi-asian-cuisine-hoboken-61,Yeung II Sushi Asian Cuisine,3.5,"['Japanese', 'Sushi Bars', 'Pan Asian']",181,(201) 420-7197,"1120 Washington St Hoboken, NJ 07030"
0,giovannis-pizzeria-and-restaurant-hoboken-6,Giovanni’s Pizzeria & Restaurant,3.5,"['Pizza', 'Italian', 'Sandwiches']",123,(201) 714-4232,"603 Washington St Hoboken, NJ 07030"
0,stingray-lounge-uptown-hoboken-2,Stingray Lounge,4.5,"['Seafood', 'Cocktail Bars', 'Lounges']",191,(201) 683-6030,"1210 Washington St Uptown Hoboken, NJ 07030"
0,wicked-wolf-tavern-hoboken,Wicked Wolf Tavern,3.0,"['Sports Bars', 'American (Traditional)']",386,(201) 659-7500,"120 Sinatra Dr Hoboken, NJ 07030"
0,louise-and-jerrys-hoboken,Louise & Jerry’s,4.0,['Bars'],77,(201) 656-9698,"329 Washington St Hoboken, NJ 07030"
0,basiles-pizza-hoboken,Basile’s Pizza,3.0,['Pizza'],240,(201) 222-5050,"89 Washington St Hoboken, NJ 07030"
0,congress-station-jersey-city,Congress Station,4.5,"['Coffee & Tea', 'Breakfast & Brunch', 'Bagels']",108,(201) 656-5752,"589 Palisade Ave Jersey City, NJ 07307"
0,10th-and-willow-bar-and-grill-hoboken,10th & Willow Bar & Grill,3.0,"['American (Traditional)', 'Bars', 'Barbeque']",280,(201) 653-2358,"935 Willow Ave Hoboken, NJ 07030"
0,napolis-pizza-hoboken,Napoli’s Pizza,4.0,"['Pizza', 'Italian', 'Venues & Event Spaces']",71,(201) 479-0440,"133 Clinton St Hoboken, NJ 07030"
0,djura-grill-halal-food-truck-jersey-city,Djura Grill Halal Food Truck,5.0,"['Halal', 'Food Trucks']",24,(718) 249-3788,"50 Christopher Columbus Dr Jersey City, NJ 07302"
0,amanda-bananas-hoboken,Amanda Bananas,4.5,"['Ice Cream & Frozen Yogurt', 'Food Trucks', 'Desserts']",31,(973) 495-7718,"Pier 13 Hoboken, NJ 07030"
0,flatbread-grill-hoboken,Flatbread Grill,3.5,"['Mediterranean', 'Turkish', 'Middle Eastern']",102,(201) 659-6560,"517 Washingston St Hoboken, NJ 07030"
0,modcup-coffee-jersey-city-2,Modcup Coffee,4.5,['Coffee & Tea'],165,(201) 798-1666,"479 Palisade Ave Jersey City, NJ 07307"
0,seven-valleys-hoboken,Seven Valleys,4.0,"['Persian/Iranian', 'Mediterranean', 'Vegetarian']",46,(201) 792-5979,"936 Washington St Hoboken, NJ 07030"
0,sunnyside-cafe-and-eatery-hoboken-4,Sunnyside Cafe & Eatery,3.5,"['Coffee & Tea', 'Breakfast & Brunch', 'Sandwiches']",122,(201) 798-0888,"79 Hudson St Hoboken, NJ 07030"
0,finnegans-pub-hoboken-2,Finnegan’s Pub,4.0,['Pubs'],66,(201) 217-1512,"734 Willow Ave Hoboken, NJ 07030"
0,alfalfa-hoboken,Alfalfa,4.5,[],35,(201) 790-0491,"1110 Washington St Hoboken, NJ 07030"
0,urban-coalhouse-pizza-and-bar-hoboken-2,Urban Coalhouse Pizza and Bar,3.5,"['Bars', 'Pizza', 'Italian']",190,(201) 292-3388,"116 14th St Hoboken, NJ 07030"
0,dcs-tavern-hoboken,DC’s Tavern,4.0,['Dive Bars'],51,(201) 792-5550,"505 8th St Hoboken, NJ 07030"
0,marios-classic-pizza-hoboken,Mario’s Classic Pizza,3.5,['Pizza'],86,(201) 659-0808,"742 Garden St Hoboken, NJ 07030"
0,baja-mexican-cuisine-hoboken-2,Baja Mexican Cuisine,3.5,['Mexican'],201,(201) 653-0610,"104 14th St Hoboken, NJ 07030"
0,farside-tavern-hoboken,Farside Tavern,3.5,"['American (New)', 'Bars']",79,(201) 963-7677,"531 Washington St Hoboken, NJ 07030"
0,malibu-diner-hoboken,Malibu Diner,3.0,"['Diners', 'Breakfast & Brunch', 'Sandwiches']",265,(201) 656-1595,"257 14th St Hoboken, NJ 07030"
0,hudson-tavern-hoboken,Hudson Tavern,3.5,"['Pubs', 'American (New)', 'Sandwiches']",129,(201) 798-1117,"51 14th St Hoboken, NJ 07030"
0,apulia-hoboken,Apulia,4.5,"['Pizza', 'Italian']",54,(201) 683-3923,"1319 Washington St Hoboken, NJ 07030"
0,jps-bagel-express-hoboken,JP’s Bagel Express,3.5,"['Bagels', 'Breakfast & Brunch', 'Caterers']",122,(201) 963-5522,"52 Newark St Hoboken, NJ 07030"
0,tenth-street-pasta-and-pizza-hoboken,Tenth Street Pasta & Pizza,3.5,"['Pizza', 'Italian']",89,(201) 683-8134,"1000 Willow Ave Hoboken, NJ 07030"
0,ds-soul-full-cafe-hoboken,D’s Soul Full Cafe,3.5,['Breakfast & Brunch'],88,(201) 604-0054,"918 Willow Ave Hoboken, NJ 07030"
0,sauced-hoboken,Sauced,3.5,['Sandwiches'],67,(201) 526-4550,"217 Washington St Hoboken, NJ 07030"
0,shaka-bowl-hoboken-2,Shaka Bowl,4.0,"['Hawaiian', 'Acai Bowls', 'Poke']",45,(201) 253-0626,"110 Washington St Hoboken, NJ 07030"
0,the-cliff-jersey-city,The Cliff,4.5,"['Breakfast & Brunch', 'American (Traditional)', 'Scandinavian']",131,(201) 626-4046,"38 Congress St Jersey City, NJ 07307"
0,willie-mcbrides-hoboken,Willie McBrides,3.5,"['American (Traditional)', 'Irish Pub', 'Music Venues']",99,(201) 610-1522,"616 Grand St Hoboken, NJ 07030"
0,green-rock-tap-and-grill-hoboken,Green Rock Tap & Grill,3.0,"['American (Traditional)', 'Sports Bars']",175,(201) 386-5600,"70 Hudson St Hoboken, NJ 07030"
0,the-dubliner-hoboken,The Dubliner,3.0,"['Pubs', 'American (New)', 'Breakfast & Brunch']",139,(201) 656-7731,"96 River St Hoboken, NJ 07030"
0,bucket-and-bay-craft-gelato-hoboken-3,Bucket & Bay Craft Gelato,4.5,"['Gelato', 'Ice Cream & Frozen Yogurt', 'Desserts']",27,(201) 683-8093,"153 1st St Hoboken, NJ 07030"
0,bangkok-city-thai-restaurant-hoboken,Bangkok City Thai Restaurant,3.0,['Thai'],157,(201) 792-6613,"335 Washington St Hoboken, NJ 07030"
0,northern-soul-hoboken-2,Northern Soul,4.0,"['Bars', 'Comfort Food', 'Breakfast & Brunch']",61,(201) 217-8784,"700 1st St Hoboken, NJ 07030"
0,lisas-italian-deli-hoboken,Lisa’s Italian Deli,3.0,"['Italian', 'Delis']",153,(201) 795-3212,"901 Park Ave Hoboken, NJ 07030"
0,ubu-hoboken,Ubu,3.5,"['Sushi Bars', 'Japanese']",88,(201) 222-2800,"205 Hudson St Hoboken, NJ 07030"
0,the-shepherd-and-the-knucklehead-hoboken-8,The Shepherd & the Knucklehead,3.5,"['Beer Bar', 'American (Traditional)', 'Cocktail Bars']",89,(201) 714-4222,"1313 Willow Ave Hoboken, NJ 07030"
0,fox-and-crow-jersey-city,Fox and Crow,4.0,"['Cocktail Bars', 'Burgers', 'Pubs']",179,(201) 984-2775,"594 Palisade Ave Jersey City, NJ 07307"
0,saku-hoboken-2,Saku,3.5,"['Cocktail Bars', 'Asian Fusion', 'Japanese']",65,(201) 942-3956,"936 Park Ave Hoboken, NJ 07030"
0,royal-grill-halal-food-new-york-2,Royal Grill Halal Food,5.0,"['Halal', 'Food Trucks', 'Street Vendors']",258,(347) 724-0504,"44th St And 6th Ave New York, NY 10036"
0,jeffersons-coffee-hoboken,Jefferson’s Coffee,4.0,['Coffee & Tea'],45,(201) 253-0617,"1001 Madison St Hoboken, NJ 07030"
0,panera-bread-hoboken,Panera Bread,3.0,"['Sandwiches', 'Salad', 'Soup']",129,(201) 876-3233,"310 Washington St Hoboken, NJ 07030"
0,texas-arizona-hoboken,Texas Arizona,3.0,"['American (New)', 'Sports Bars']",233,(201) 420-0304,"76 River St Hoboken, NJ 07030"
0,mysttik-masaala-new-york-13,Mysttik Masaala,4.5,"['Food Trucks', 'Indian']",350,(917) 306-3128,"399 Park AveCorner of 54th street New York, NY 10022"
0,mcswiggans-pub-hoboken,McSwiggan’s Pub,3.5,"['American (Traditional)', 'Irish Pub']",120,(201) 798-6700,"110 1st St Hoboken, NJ 07030"
0,hidden-grounds-coffee-hoboken-4,Hidden Grounds Coffee,4.0,"['Coffee & Tea', 'Breakfast & Brunch', 'Cafes']",26,(201) 683-6488,"700 Garden St Hoboken, NJ 07030"
0,ben-and-jerrys-hoboken-3,Ben & Jerry’s,3.5,['Ice Cream & Frozen Yogurt'],58,(201) 792-1966,"405 Washington St Hoboken, NJ 07030"
0,juns-macaron-gelato-hoboken,Jun’s Macaron Gelato,4.0,"['Gelato', 'Macarons', 'Ice Cream & Frozen Yogurt']",33,(201) 420-0204,"410 Washington St Hoboken, NJ 07030"
0,live-more-adventures-hoboken-3,Live More Adventures,5.0,"['Rafting/Kayaking', 'Hiking', 'Yoga']",11,(802) 347-3562,
0,hudson-coffee-company-hoboken,Hudson Coffee Company,4.0,['Coffee & Tea'],33,(201) 656-0033,"1100 Maxwell Ln Hoboken, NJ 07030"
0,cadillac-cantina-hoboken-2,Cadillac Cantina,3.0,"['Bars', 'Tex-Mex', 'Mexican']",198,(201) 420-7070,"80 River St Hoboken, NJ 07030"
0,spa-diner-hoboken-2,Spa Diner,3.0,['Diners'],135,(201) 653-6617,"74 Hudson St Hoboken, NJ 07030"
0,9-11-tribute-museum-new-york,9/11 Tribute Museum,4.5,"['Museums', 'Walking Tours', 'Community Service/Non-Profit']",237,(866) 737-1184,"92 Greenwich St New York, NY 10006"
0,city-of-saints-coffee-roasters-hoboken,City of Saints Coffee Roasters,4.0,['Coffee & Tea'],43,(201) 683-7333,"1320 Bloomfield St Hoboken, NJ 07030"
0,chipotle-mexican-grill-hoboken,Chipotle Mexican Grill,3.5,"['Mexican', 'Fast Food']",81,(201) 205-1717,"229 Washington St Hoboken, NJ 07030"
0,hudson-river-waterfront-walkway-hoboken,Hudson River Waterfront Walkway,4.5,['Landmarks & Historical Buildings'],15,(201) 963-3511,
0,village-pourhouse-hoboken-5,Village Pourhouse,3.0,"['Sports Bars', 'Venues & Event Spaces', 'American (Traditional)']",155,(201) 792-2337,"205 1st St Hoboken, NJ 07030"
0,gold-roast-cafe-hoboken-2,Gold Roast Cafe,4.5,"['Breakfast & Brunch', 'Coffee & Tea', 'Australian']",25,,"600 Harrison St Hoboken, NJ 07030"
0,the-shannon-hoboken,The Shannon,3.0,"['Sports Bars', 'Dance Clubs']",156,(201) 656-9820,"106 1st St Hoboken, NJ 07030"
0,the-ale-house-hoboken-2,The Ale House,4.0,['Pubs'],31,(201) 798-5650,"1034 Willow Ave Hoboken, NJ 07030"
0,the-winston-hoboken,The Winston,4.0,['Cocktail Bars'],41,(201) 683-6188,"72 Hudson St Hoboken, NJ 07030"
0,prato-bakery-hoboken-2,Prato Bakery,4.5,"['Coffee & Tea', 'Bakeries', 'Sandwiches']",22,(201) 798-8900,"201 Washington St Hoboken, NJ 07030"
0,the-little-grocery-hoboken-3,The Little Grocery,3.5,"['Breakfast & Brunch', 'Sandwiches', 'Caterers']",70,(201) 526-4949,"1212 Washington St Hoboken, NJ 07030"
0,the-roost-outpost-hoboken-3,The Roost Outpost,4.0,['Coffee & Tea'],25,(201) 653-2100,"55 1st St Hoboken, NJ 07030"
0,qdoba-mexican-eats-hoboken-2,QDOBA Mexican Eats,3.0,"['Mexican', 'Fast Food']",100,(201) 386-8974,"400 Washington St Hoboken, NJ 07030"
0,corkscrew-bar-jersey-city,Corkscrew Bar,4.0,"['Pubs', 'American (Traditional)']",127,(201) 239-0087,"61 Congress St Jersey City, NJ 07307"
0,disos-italian-sandwich-society-new-york-2,DiSO’s Italian Sandwich Society,4.5,"['Food Trucks', 'Italian', 'Sandwiches']",228,(917) 756-4145,
0,birch-hoboken-hoboken,Birch Hoboken,3.0,"['Burgers', 'Bars', 'Gelato']",160,(201) 942-9300,"92 River St Hoboken, NJ 07030"
0,cluck-u-chicken-hoboken,Cluck U Chicken,2.5,"['Chicken Wings', 'Fast Food', 'Halal']",159,(201) 683-9307,"112 Washington St Hoboken, NJ 07030"
0,tornas-pizzeria-hoboken,Torna’s Pizzeria,3.0,['Pizza'],70,(201) 798-8873,"254 9th St Hoboken, NJ 07030"
0,coco-havana-hoboken-4,Coco Havana,3.0,['Cuban'],119,(201) 216-1766,"32 Newark St Hoboken, NJ 07030"
0,the-nags-head-hoboken,The Nag’s Head,4.0,['Pubs'],34,(201) 653-6400,"359 1st St Hoboken, NJ 07030"
0,madd-hatter-hoboken-3,Madd Hatter,3.0,"['Sports Bars', 'American (Traditional)']",118,(201) 850-1281,"221 Washington St Hoboken, NJ 07030"
0,insomnia-cookies-hoboken,Insomnia Cookies,3.0,"['Desserts', 'Bakeries', 'Ice Cream & Frozen Yogurt']",92,(201) 297-6076,"56 Newark St Hoboken, NJ 07030"
0,rice-shop-hoboken,Rice Shop,2.5,['Asian Fusion'],216,(201) 798-8382,"304 Washington St Hoboken, NJ 07030"
0,aroy-d-the-thai-elephant-truck-hoboken,"Aroy-D, The Thai Elephant Truck",3.5,"['Thai', 'Food Trucks']",41,(201) 474-5432,"1 14th St Hoboken Nj Hoboken, NJ 07030"
0,johnny-rockets-hoboken,Johnny Rockets,2.5,"['Burgers', 'Sandwiches', 'Diners']",143,(201) 659-2620,"134 Washington St Hoboken, NJ 07030"
0,8th-street-tavern-hoboken,8th Street Tavern,3.0,"['American (New)', 'Sports Bars']",73,(201) 653-8554,"800 Washington St Hoboken, NJ 07030"
0,grubbs-take-away-hoboken,Grubbs Take Away,3.5,['American (Traditional)'],53,(201) 420-0300,"418 Washington St Hoboken, NJ 07030"
0,the-brick-hoboken-4,The Brick,3.0,"['Pizza', 'Italian']",146,(201) 942-0518,"1122 Washington St Hoboken, NJ 07030"
0,remi-flower-and-coffee-new-york-2,Remi Flower & Coffee,4.5,"['Coffee & Tea', 'Florists']",163,(646) 559-1233,"906 2nd Ave New York, NY 10017"
0,biryani-cart-new-york,Biryani Cart,4.0,"['Indian', 'Food Trucks', 'Halal']",525,(917) 420-5975,"46th St & 6th Ave New York, NY 10003"
0,cafe-sophia-hoboken,Cafe Sophia,4.0,"['Coffee & Tea', 'Breakfast & Brunch']",22,(201) 222-0565,"200 Monroe St Hoboken, NJ 07030"
0,pure-pita-hoboken,Pure Pita,2.5,['Mediterranean'],165,(201) 217-9777,"324 Washington St Hoboken, NJ 07030"
0,margheritas-pizzeria-hoboken-6,Margherita’s Pizzeria,4.0,"['Pizza', 'Italian', 'Seafood']",294,(201) 222-2400,"740 Washington StSte 1 Hoboken, NJ 07030"
0,delfinos-pizzeria-hoboken,Delfino’s Pizzeria,3.5,['Pizza'],50,(201) 792-7457,"500 Jefferson St Hoboken, NJ 07030"
0,king-souvlaki-astoria-2,King Souvlaki,4.5,"['Greek', 'Food Trucks']",245,(917) 416-1189,"31 St And 31 Ave Astoria, NY 11106"
0,church-square-park-hoboken,Church Square Park,4.5,['Parks'],14,(201) 420-2349,"401 Willow Ave Hoboken, NJ 07030"
0,impostos-pizza-hoboken,Imposto’s Pizza,2.5,['Pizza'],191,(201) 963-9077,"102 Washington St Hoboken, NJ 07030"
0,el-chilango-taqueria-jersey-city-3,El Chilango Taqueria,4.0,"['Mexican', 'Food Trucks']",34,(954) 793-2599,
0,gong-cha-hoboken,Gong Cha,5.0,['Bubble Tea'],8,(201) 710-5757,"527 Washington St Hoboken, NJ 07030"
0,hot-house-pizza-hoboken,Hot House Pizza,3.5,['Pizza'],45,(201) 222-0504,"606 2nd St Hoboken, NJ 07030"
0,wilton-house-hoboken,Wilton House,4.0,['Dive Bars'],27,(201) 683-3431,"58 Newark St Hoboken, NJ 07030"
0,number-1-chinese-kitchen-hoboken,Number 1 Chinese Kitchen,3.5,['Chinese'],47,(201) 963-1767,"642 Washington St Hoboken, NJ 07030"
0,bagels-on-the-hudson-hoboken-3,Bagels On The Hudson,2.0,['Bagels'],240,(201) 798-4777,"802 Washington St Hoboken, NJ 07030"
0,mills-tavern-hoboken,Mill’s Tavern,2.5,"['Chicken Wings', 'Burgers', 'Bakeries']",120,(201) 792-1900,"125 Washington St Hoboken, NJ 07030"
0,cold-stone-creamery-hoboken,Cold Stone Creamery,3.0,"['Ice Cream & Frozen Yogurt', 'Custom Cakes', 'Cupcakes']",79,(201) 222-3233,"116 Washington St Hoboken, NJ 07030"
0,pita-pit-hoboken-2,Pita Pit,3.5,"['Mediterranean', 'Sandwiches', 'Fast Food']",37,(201) 683-8500,"732 Washington StApt 1 Hoboken, NJ 07030"
0,hoboken-burrito-hoboken,Hoboken Burrito,3.0,['Mexican'],48,(201) 795-5252,"209 4th St Hoboken, NJ 07030"
0,periscope-coffee-on-pearl-street-new-york-4,Periscope Coffee on Pearl Street,5.0,"['Coffee & Tea', 'Food Trucks']",59,(917) 789-0771,"123 Pearl St New York, NY 10005"
0,corto-jersey-city,Corto,4.0,['Italian'],54,(201) 420-6290,"507 Palisade Ave Jersey City, NJ 07307"
0,joboken-cafe-hoboken-2,Joboken Cafe,4.0,['Cafes'],17,(917) 750-9308,"54 Hudson Pl Hoboken, NJ 07030"
0,off-the-wall-chinese-cuisine-hoboken,Off the Wall Chinese Cuisine,3.0,['Chinese'],55,(201) 798-6078,"512 Washington St Hoboken, NJ 07030"
0,rosarios-at-willow-hoboken,Rosario’s At Willow,3.0,['Pizza'],52,(201) 418-8717,"1132 Willow Ave Hoboken, NJ 07030"
0,jeffersons-coffee-hoboken-6,Jefferson’s Coffee,4.0,['Coffee & Tea'],17,(201) 253-0617,"534 Washington St Hoboken, NJ 07030"
0,liberty-gourmet-hoboken,Liberty Gourmet,4.0,"['Delis', 'Grocery']",18,(201) 820-2126,"1100 Adams St Hoboken, NJ 07030"
0,uptown-pizzeria-hoboken,Uptown Pizzeria,3.0,['Pizza'],64,(201) 610-9955,"54 14th St Hoboken, NJ 07030"
0,little-market-hoboken,Little Market,3.5,"['Delis', 'Sandwiches']",23,(201) 386-1555,"400 Newark St Hoboken, NJ 07030"
0,starbucks-hoboken,Starbucks,3.0,['Coffee & Tea'],57,(201) 876-0300,"51 Newark Street Hoboken, NJ 07030"
0,phoenix-bar-and-grille-hoboken-2,Phoenix Bar and Grille,3.5,"['Cocktail Bars', 'American (New)', 'Music Venues']",38,(201) 216-0888,"1 Hudson PlHoboken Terminal Hoboken, NJ 07030"
0,starbucks-hoboken-3,Starbucks,3.0,['Coffee & Tea'],67,(201) 222-2491,"314  Washington Ave. Hoboken, NJ 07030"
0,green-garden-hoboken,Green Garden,3.5,['Chinese'],38,(201) 963-3112,"1202 Washington St Hoboken, NJ 07030"
0,tally-ho-hoboken-2,Tally-Ho,2.5,"['Bars', 'Venues & Event Spaces']",97,(201) 217-1642,"215 Washington St Hoboken, NJ 07030"
0,sahara-grill-and-pita-truck-jersey-city,Sahara Grill & Pita Truck,3.5,"['Halal', 'Food Trucks', 'Falafel']",30,(201) 743-8784,"95 Christopher Columbus Dr Jersey City, NJ 07302"
0,surf-taco-hoboken-2,Surf Taco,3.0,"['Mexican', 'Juice Bars & Smoothies', 'Tex-Mex']",64,(201) 683-8156,"62 Newark St Hoboken, NJ 07030"
0,mysttik-masaala-new-york-15,Mysttik Masaala,4.5,"['Indian', 'Food Trucks']",107,(917) 306-3128,"250 Park Ave New York, NY 10172"
0,dunkin-donuts-hoboken-4,Dunkin’ Donuts,3.5,"['Donuts', 'Coffee & Tea']",21,(201) 798-0444,"700 Washington StSte A Hoboken, NJ 07030"
0,lukes-lobster-mobile-lobster-roll-food-truck-new-york,Luke’s Lobster Mobile Lobster Roll Food Truck,4.0,"['Seafood', 'Food Trucks']",127,,
0,starbucks-hoboken-2,Starbucks,3.0,['Coffee & Tea'],36,(201) 792-5400,"1205 N. Hudson Street Hoboken, NJ 07030"
0,living-room-hoboken,Living Room,3.0,['Lounges'],40,(201) 253-2400,"225 River StW Hotel Hoboken, NJ 07030"
0,rome-pizzeria-and-grill-hoboken,Rome Pizzeria & Grill,2.5,"['Pizza', 'American (Traditional)']",59,(201) 683-9600,"20 Hudson Pl Hoboken, NJ 07030"
0,asia-sushi-and-chinese-cuisine-hoboken,Asia Sushi & Chinese Cuisine,2.5,['Chinese'],73,(201) 792-9660,"926 Washington St Hoboken, NJ 07030"
0,halalish-flushing,Halalish,4.5,"['Halal', 'Burgers', 'Food Trucks']",74,(347) 279-3325,"41-17 Main St Flushing, NY 11355"
0,city-of-hoboken-hoboken,City of Hoboken,4.0,['Local Flavor'],11,(201) 420-2116,"256 Observer Hwy Hoboken, NJ 07030"
0,charritos-midtown-hoboken,Charritos Midtown,2.5,['Mexican'],74,(201) 216-9201,"518 Washington St Hoboken, NJ 07030"
0,pizzeria-hoboken-hoboken,Pizzeria Hoboken,3.0,"['Pizza', 'Salad', 'Sandwiches']",38,(201) 683-6158,"732 Jefferson St Hoboken, NJ 07030"
0,baonanas-jersey-city-4,#Baonanas,4.5,"['Desserts', 'Food Trucks', 'Caterers']",42,(201) 205-2152,"210 Hudson St Jersey City, NJ 07302"
0,mod-cup-truck-jersey-city,Mod Cup Truck,4.0,"['Food Trucks', 'Coffee & Tea', 'Bakeries']",17,(201) 798-1666,"2 Exchange Pl Jersey City, NJ 07302"
0,7-stars-pizzeria-hoboken,7 Stars Pizzeria,2.5,['Pizza'],74,(201) 653-7204,"342 Garden St Hoboken, NJ 07030"
0,g-millz-boken-roadhouse-hoboken-2,G.Millz Boken Roadhouse,3.5,"['Sports Bars', 'American (Traditional)']",20,(201) 620-9875,"61 Jackson St Hoboken, NJ 07030"
0,antons-dumplings-brooklyn,Anton’s Dumplings,4.5,"['Food Trucks', 'Russian']",59,(917) 974-4827,"90 Havemeyer St Brooklyn, NY 11211"
0,ripleys-believe-it-or-not-time-square-new-york,Ripley’s Believe It or Not! Time Square,3.5,"['Museums', 'Tours']",265,(212) 398-3133,"234 W 42nd St New York, NY 10036"
0,wings-to-go-hoboken-hoboken,Wings To Go - Hoboken,2.5,['Chicken Wings'],67,(201) 459-6070,"400 Newark St Hoboken, NJ 07030"
0,mysttik-masaala-queens-4,Mysttik Masaala,5.0,"['Indian', 'Food Trucks']",31,(917) 400-3090,"2177 31st StAstoria Queens, NY 11105"
0,frenchys-cake-designs-new-york,Frenchys Cake Designs,5.0,"['Desserts', 'Cupcakes', 'Bakeries']",33,(646) 248-1044,"910 Riverside Dr New York, NY 10032"
0,shipyard-dog-park-hoboken,Shipyard Dog Park,4.5,['Dog Parks'],7,,"Frank Sinatra Dr N Near 13th St Hoboken, NJ 07030"
0,riverview-fisk-park-jersey-city,Riverview-Fisk Park,4.5,['Parks'],13,,"1 Bowers St Jersey City, NJ 07307"
0,delight-deli-and-grocery-hoboken,Delight Deli & Grocery,4.0,"['Grocery', 'Delis']",10,(201) 942-9444,"56 Monroe St Hoboken, NJ 07030"
0,angry-archies-jersey-city,Angry Archie’s,4.0,"['Food Trucks', 'Seafood']",58,(973) 747-2124,
0,king-souvlaki-bayside-2,King Souvlaki,4.0,"['Food Trucks', 'Greek']",119,(347) 951-8316,
0,old-lorenzos-pizza-hoboken,Old Lorenzo’s Pizza,3.0,"['Pizza', 'Burgers', 'Fast Food']",31,(201) 714-9446,"301 Jackson St Hoboken, NJ 07030"
0,mama-jos-breakfast-cart-new-york-2,Mama Jo’s Breakfast Cart,4.5,"['Breakfast & Brunch', 'Coffee & Tea', 'Food Trucks']",33,(516) 476-1360,"N W Corner Of 47th And Park Ave New York, NY 10017"
0,the-cinnamon-snail-new-york-9,The Cinnamon Snail,4.0,"['Vegan', 'Food Trucks']",70,(862) 246-6431,"70 Pine St New York, NY 10270"
0,dunkin-donuts-hoboken-3,Dunkin’ Donuts,4.0,"['Coffee & Tea', 'Donuts']",12,(201) 217-8778,"1200 Grand St Hoboken, NJ 07030"
0,clean-sweets-by-sasha-new-york,Clean Sweets By Sasha,5.0,"['Bakeries', 'Desserts', 'Food Delivery Services']",23,,
0,raf-deli-and-cafe-hoboken-2,Raf Deli and Cafe,2.0,"['Delis', 'Sandwiches', 'Burgers']",36,(201) 683-8630,"552 1st St Hoboken, NJ 07030"
0,truffles-mystery-dinner-theater-new-york,Truffles Mystery Dinner Theater,4.0,"['Comedy Clubs', 'Dinner Theater', 'Performing Arts']",51,(212) 279-4200,"707 8th AveSwing 46 New York, NY 10036"
0,dj-gatsby-and-dapper-sounds-manhattan-2,DJ Gatsby & Dapper Sounds,5.0,"['DJs', 'Performing Arts', 'Museums']",16,(516) 967-5138,"115 4th Ave Manhattan, NY 10003"
0,lulus-hoboken,LuLu’s,2.0,['Bars'],52,(201) 253-2520,"225 River StThe W Hoboken Hoboken, NJ 07030"
0,7-eleven-hoboken,7-Eleven,3.5,"['Convenience Stores', 'Coffee & Tea']",7,(201) 222-6323,"422 Washington St Hoboken, NJ 07030"
0,dunkin-donuts-hoboken-8,Dunkin’ Donuts,3.0,"['Donuts', 'Coffee & Tea']",17,(201) 222-6959,"400 Newark St Hoboken, NJ 07030"
0,garlic-and-tahini-hoboken,Garlic and Tahini,4.0,['Mediterranean'],9,(201) 515-5127,"410 Washington St Hoboken, NJ 07030"
0,mcdonalds-hoboken,McDonald’s,2.0,"['Fast Food', 'Burgers', 'Coffee & Tea']",60,(201) 798-2078,"234 Washington St Hoboken, NJ 07030"
0,manhattan-aquariums-new-york,Manhattan Aquariums,4.0,"['Aquarium Services', 'Local Fish Stores', 'Aquariums']",54,(212) 594-2272,"522 W 37th St New York, NY 10018"
0,chens-kitchen-hoboken,Chen’s Kitchen,3.5,['Chinese'],10,(201) 656-0949,"301 Jackson St Hoboken, NJ 07030"
0,dunkin-donuts-hoboken,Dunkin’ Donuts,2.5,"['Coffee & Tea', 'Donuts']",20,,"214 Washington St Hoboken, NJ 07030"
0,maxwell-place-park-hoboken,Maxwell Place Park,4.0,"['Playgrounds', 'Dog Parks']",4,(201) 680-7900,"1025 Maxwell Ln Hoboken, NJ 07030"
0,harajuku-sushi-and-crepe-new-york,Harajuku Sushi and Crepe,5.0,"['Sushi Bars', 'Food Trucks', 'Creperies']",12,(626) 789-4134,
0,the-hudson-grill-pizza-and-deli-union-city,The Hudson Grill Pizza & Deli,3.5,"['Pizza', 'Delis']",16,(201) 766-3616,"100 Manhattan Ave Union City, NJ 07087"
0,church-square-park-dog-run-hoboken,Church Square Park Dog Run,3.0,['Dog Parks'],12,,"401 Willow Ave & 4th St Hoboken, NJ 07030"
0,cals-hotdogs-hoboken,Cals Hotdogs,5.0,"['Food Trucks', 'Hot Dogs']",3,(201) 238-1262,"1 Harrison St Hoboken, NJ 07030"
0,hoboken-mutzfest-hoboken,Hoboken Mutzfest,4.0,"['Festivals', 'Local Flavor']",5,(201) 656-9602,"1005 Washington St Hoboken, NJ 07030"
0,gyrohouse-nyc-new-york-2,Gyrohouse NYC,4.0,"['Halal', 'Food Stands', 'Mediterranean']",34,(917) 690-2020,"Cedar St and Broadway New York, NY 10003"
0,hoboken-historical-museum-hoboken,Hoboken Historical Museum,3.5,['Museums'],9,(201) 656-2240,"1301 Hudson St Hoboken, NJ 07030"
0,dunkin-donuts-hoboken-2,Dunkin’ Donuts,2.0,"['Donuts', 'Coffee & Tea']",32,(201) 792-3113,"40 Hudson PlSte 2 Hoboken, NJ 07030"
0,desi-food-truck-new-york,Desi Food Truck,3.5,"['Indian', 'Food Trucks']",69,(212) 961-6193,
0,man-cookie-hoboken,Man Cookie,5.0,['Desserts'],2,(201) 701-3427,
0,peace-love-pops-hoboken,Peace.Love.Pops,4.5,['Ice Cream & Frozen Yogurt'],2,,
0,mikes-wild-moose-saloon-hoboken-2,Mike’s Wild Moose Saloon,2.5,['Sports Bars'],20,(973) 985-8222,"30 Newark St Hoboken, NJ 07030"
0,island-spice-grill-new-york,Island Spice Grill,3.5,"['Caribbean', 'Barbeque', 'Food Trucks']",43,(718) 501-4600,"18th St & Broadway New York, NY 10004"
0,mehdibynira-woodside,MehdibyNira,4.5,"['Henna Artists', 'Desserts', 'Event Photography']",15,(917) 680-7972,"4121 70th Street 1st FlFl 1 Woodside, NY 11377"
0,the-pig-and-parrot-hoboken,The Pig and Parrot,3.0,"['American (Traditional)', 'Beer, Wine & Spirits', 'Bars']",13,(201) 683-7370,"77 Hudson St Hoboken, NJ 07030"
0,taste-of-greece-new-york,Taste of Greece,4.5,"['Food Trucks', 'Greek', 'Caterers']",13,(646) 626-2003,
0,sassos-liquors-and-delicatessen-hoboken,Sasso’s Liquors & Delicatessen,2.5,"['Beer, Wine & Spirits', 'Delis']",17,(201) 217-9562,"1038 Garden St Hoboken, NJ 07030"
0,carnivale-donut-bar-hoboken,Carnivale Donut Bar,3.5,"['Donuts', 'Food Trucks', 'Ice Cream & Frozen Yogurt']",3,(888) 755-1611,
0,booza-organic-ice-cream-hoboken,Booza Organic Ice Cream,3.5,"['Ice Cream & Frozen Yogurt', 'Food Trucks']",4,(201) 914-1414,"200 Sinatra Dr Hoboken, NJ 07030"
0,metroarepas-new-york-3,Metroarepas,4.5,"['Food Trucks', 'Venezuelan', 'Hot Dogs']",17,(347) 897-8188,"1745 Broadway New York, NY 10019"
0,chrome-cookin-new-york-city,Chrome Cookin,5.0,"['Food Trucks', 'Sandwiches']",2,(347) 693-2372,"860 Washington St New York City, NY 10014"
0,andys-italian-ices-nyc-maspeth-3,Andy’s Italian Ices NYC,4.0,"['Ice Cream & Frozen Yogurt', 'Food Trucks', 'Juice Bars & Smoothies']",25,(516) 972-7959,"5819 Maspeth Ave Maspeth, NY 11378"
0,wings-to-go-hoboken-2,Wings to Go,3.0,['Pizza'],6,(201) 459-6070,"400 Newark St Hoboken, NJ 07030"
0,bubbys-burritos-on-wheels-jersey-city-2,Bubby’s Burritos on Wheels,4.5,"['Mexican', 'Food Trucks']",3,(551) 998-0586,"90 Hudson St Jersey City, NJ 07302"
0,the-ferryman-on-1st-hoboken,The Ferryman on 1st,2.5,"['Irish Pub', 'Breakfast & Brunch', 'Wraps']",14,(201) 420-9222,"94-98 Bloomfield St Hoboken, NJ 07030"
0,venti-pizza-hoboken,Venti Pizza,2.5,['Pizza'],13,(201) 683-8002,"20 Hudson St Hoboken, NJ 07030"
0,dyckman-farmhouse-museum-new-york,Dyckman Farmhouse Museum,4.5,"['Museums', 'Cultural Center', 'Community Service/Non-Profit']",20,(212) 304-9422,"4881 Broadway New York, NY 10034"
0,hungry-like-the-wolf-hoboken-2,Hungry Like the Wolf,4.0,"['Pizza', 'Chicken Wings', 'Vegan']",4,(201) 656-3026,"700 1st St Hoboken, NJ 07030"
0,subway-hoboken,Subway,1.5,"['Fast Food', 'Sandwiches']",22,(201) 653-8070,"110 River St Hoboken, NJ 07030"
0,chiddys-cheesesteaks-bay-shore,Chiddy’s Cheesesteaks,4.5,"['Food Trucks', 'Cheesesteaks']",78,(631) 609-1425,"9 Oakwood Blvd Bay Shore, NY 11706"
0,sloppie-joes-food-truck-yonkers-2,Sloppie Joe’s Food Truck,5.0,"['Food Trucks', 'Burgers', 'Sandwiches']",9,(914) 573-6469,
0,el-general-hoboken,El General,5.0,"['Food Trucks', 'Mexican']",1,(551) 268-7483,
0,anchor-aquarium-service-inc-brooklyn,Anchor Aquarium Service Inc.,5.0,"['Aquariums', 'Aquarium Services']",7,(718) 781-2830,"28 Locust St Brooklyn, NY 11206"
0,latino-bites-corona,Latino Bites,4.0,"['Food Trucks', 'Mexican', 'Colombian']",19,(347) 698-9175,"85 St & Northern Blvd Corona, NY 11372"
0,mikes-restaurant-jersey-city,Mike’s Restaurant,3.5,['Mexican'],13,(201) 222-1878,"602 Palisade Ave Jersey City, NJ 07307"
0,sonias-petite-p%C3%A2tisserie-hoboken,Sonia’s Petite Pâtisserie,5.0,"['Custom Cakes', 'Patisserie/Cake Shop', 'Bakeries']",1,(646) 441-1466,"701 Monroe St Hoboken, NJ 07030"
0,famous-pizza-hoboken,Famous Pizza,2.5,['Pizza'],9,,"207 Washington St Hoboken, NJ 07030"
0,dunkin-donuts-hoboken-7,Dunkin’ Donuts,5.0,"['Donuts', 'Coffee & Tea']",1,(201) 222-8912,"308 Willow AveHoboken University Medical Ctr Hoboken, NJ 07030"
0,moffle-bar-corona,Moffle Bar,4.5,"['Waffles', 'Asian Fusion', 'Food Trucks']",10,(646) 706-2341,"47-01 111th St Corona, NY 11368"
0,14th-street-pier-hoboken,14th Street Pier,5.0,['Parks'],1,(212) 336-6400,"14TH St Hoboken, NJ 07030"
0,cascade-cafe-hoboken,Cascade Cafe,2.5,"['Juice Bars & Smoothies', 'Sandwiches', 'Salad']",7,(201) 683-7870,"38 Hudson Pl Hoboken, NJ 07030"
0,juice-press-hoboken,Juice Press,2.5,"['Juice Bars & Smoothies', 'Vegan', 'Health Markets']",6,(212) 777-0034,"1400 Washington St Hoboken, NJ 07030"
0,stevens-park-dog-run-hoboken,Stevens Park Dog Run,3.0,['Dog Parks'],3,,"401 Hudson St Hoboken, NJ 07030"
0,legion-park-hoboken,Legion Park,4.0,['Parks'],2,,"1225 Willow Ave Hoboken, NJ 07030"
0,heights-deli-and-grill-jersey-city-3,Heights Deli & Grill,5.0,"['American (Traditional)', 'Delis']",3,(201) 963-6500,"557 Palisade Ave Jersey City, NJ 07307"
0,warung-roadside-brooklyn,Warung Roadside,4.5,"['Food Trucks', 'Thai']",10,(773) 339-1458,"Dumbo Lot Brooklyn, NY 11201"
0,kobricks-coffee-jersey-city,Kobricks Coffee,5.0,['Coffee & Tea'],4,(201) 656-6313,"693 Luis Marin Blvd Jersey City, NJ 07310"
0,buona-pizza-hoboken,Buona Pizza,2.5,"['Pizza', 'Italian']",8,(201) 659-5200,"539 Park Ave Hoboken, NJ 07030"
0,king-souvlaki-new-york,King Souvlaki,4.5,"['Greek', 'Food Trucks']",10,(347) 384-0217,"West 55th Street and Broadway New York, NY 10017"
0,dominos-hoboken,Domino’s,2.0,['Pizza'],11,,
0,sabrett-hot-dog-stand-columbus-park-hoboken,Sabrett Hot Dog Stand @ Columbus Park,4.0,['Food Stands'],1,,"350-398 9th St Hoboken, NJ 07030"
0,juniors-papaya-grill-hoboken,Junior’s Papaya Grill,3.0,['Burgers'],4,(201) 238-2777,"506 Washington St Hoboken, NJ 07030"
0,fed-by-ed-jersey-city,Fed by Ed,5.0,"['Food Trucks', 'Sandwiches', 'Burgers']",4,(732) 865-6923,
0,franks-sinatras-birthplace-hoboken,Franks Sinatra’s Birthplace,3.0,['Landmarks & Historical Buildings'],2,,"415 Monroe St Hoboken, NJ 07030"
0,bex-waffles-new-york,Bex Waffles,5.0,"['Food Trucks', 'Waffles']",5,(631) 488-0884,
0,washington-park-union-city,Washington Park,3.5,['Parks'],9,,"2ND St Union City, NJ 07087"
0,blureef-aquarium-brooklyn-3,Blureef Aquarium,4.5,"['Aquariums', 'Aquarium Services']",9,(929) 277-8188,"2198 Flatbush Ave Brooklyn, NY 11234"
0,empanada-papa-staten-island,Empanada Papa,4.5,"['Empanadas', 'Latin American', 'Food Stands']",9,(646) 919-5170,
0,bona-pizza-hoboken,Bona Pizza,2.0,['Pizza'],5,(201) 706-8333,"207 Washington St Hoboken, NJ 07030"
0,e-and-s-original-steak-n-take-newark,E & S Original Steak-N-Take,3.5,"['Food Trucks', 'Cheesesteaks', 'Sandwiches']",18,(973) 941-1100,"109 Mulberry St Newark, NJ 07102"
0,washington-park-dog-run-union-city,Washington Park Dog Run,4.0,['Dog Parks'],4,,"Paterson Plank Rd & Palisade Ave Union City, NJ 07087"
0,sassos-deli-and-liqour-hoboken-2,Sassos Deli & Liqour,2.5,"['Delis', 'Beer, Wine & Spirits']",2,(201) 217-9562,"1038 Garden St Hoboken, NJ 07030"
0,atomic-wings-hoboken-2,Atomic Wings,1.5,"['American (Traditional)', 'Chicken Wings']",3,(201) 683-9431,"618 Washington St Hoboken, NJ 07030"
0,peddler-new-york-4,Peddler,5.0,"['Coffee & Tea', 'Food Trucks']",4,(646) 465-2225,"23RD St And 5th Ave New York, NY 10010"
0,sbarro-hoboken,Sbarro,2.0,"['Italian', 'Pizza']",4,(201) 216-0888,"One Hudson Pl Hoboken, NJ 07030"
0,hoboken-lepre-con-hoboken,Hoboken Lepre-Con,2.5,['Local Flavor'],2,,
0,when-in-rome-hoboken,When In Rome,3.5,"['Pizza', 'Italian']",2,(201) 850-1035,"1119 Jefferson St Hoboken, NJ 07030"
0,park-and-eleventh-deli-hoboken,Park & Eleventh Deli,4.0,['Delis'],1,(201) 344-8523,"249 11th St Hoboken, NJ 07030"
0,maxwell-place-park-playground-hoboken,Maxwell Place Park Playground,3.0,"['Parks', 'Playgrounds']",1,,"10 Sinatra Dr N Hoboken, NJ 07030"
0,mama-johnson-soccer-field-hoboken,Mama Johnson Soccer Field,3.0,"['Parks', 'Soccer']",1,,"4th & Jackson St Hoboken, NJ 07030"
0,santa-fe-dog-express-hoboken,Santa Fe Dog Express,3.0,['Restaurants'],1,(201) 239-9200,"62 Newark St Hoboken, NJ 07030"
0,caffe-bene-hoboken-2,Caffe Bene,3.0,"['Desserts', 'Coffee & Tea']",1,(201) 683-4457,"79 Hudson St Hoboken, NJ 07030"
0,lexylicious-point-pleasant-beach-2,Lexylicious,4.5,"['Food Trucks', 'Desserts', 'Ice Cream & Frozen Yogurt']",22,(732) 451-2660,"512 Bay Ave Point Pleasant Beach, NJ 08742"
0,cool-beans-hoboken,Cool Beans,3.0,['Coffee & Tea'],1,,"Sinatra Dr Hoboken, NJ 07030"
0,elysian-park-dog-run-hoboken,Elysian Park Dog Run,3.0,['Dog Parks'],1,,"1000 Hudson St Hoboken, NJ 07030"
0,taqueria-marin-jersey-city,Taqueria Marin,3.5,['Mexican'],3,(201) 656-7266,"565 Palisade Ave Jersey City, NJ 07307"
0,burger-warrior-new-york-3,Burger Warrior,3.0,"['Food Trucks', 'Burgers']",12,(646) 286-9949,
0,elysian-fields-marker-hoboken,Elysian Fields Marker,3.0,"['Landmarks & Historical Buildings', 'Local Flavor']",1,,"Washington St Hoboken, NJ 07030"
0,calle-6-deli-hoboken-3,Calle 6 Deli,1.0,['Delis'],1,(201) 710-5385,"539 Park Ave Hoboken, NJ 07030"
0,pico-taco-hoboken-2,Pico Taco,5.0,['Tacos'],2,(201) 683-5847,"70 Hudson St Hoboken, NJ 07030"
0,the-cake-pound-hoboken-2,The Cake Pound,5.0,['Bakeries'],1,(201) 898-2255,
0,thai-mis-delicias-truck-1-ny,Thai Mis Delicias - Truck 1,3.0,"['Food Trucks', 'Noodles']",7,(347) 754-1201,"18th St & 5th Ave NY, NY 10011"
0,mamma-marcis-hoboken,Mamma Marci’s,4.0,['Food Stands'],1,(732) 310-1133,
0,el-cuatro-bar-hoboken,El Cuatro Bar,3.0,['Bars'],2,(201) 659-9509,"87 Jefferson StApt 1 Hoboken, NJ 07030"
0,piccininni-salumaria-hoboken,Piccininni Salumaria,2.0,['Delis'],1,(201) 963-8099,"539 Park Ave Hoboken, NJ 07030"
0,texas-b-b-q-hoboken,Texas B.B.Q.,2.0,['Barbeque'],1,(201) 222-6969,"38 Hudson Pl Hoboken, NJ 07030"
0,laceycakes-new-york,Laceycakes,4.5,"['Cupcakes', 'Bakeries', 'Custom Cakes']",15,(917) 768-2163,
0,gray-fox-guiding-company-brooklyn,Gray Fox Guiding Company,5.0,"['Hiking', 'Walking Tours']",2,(516) 659-2638,"2022 Beverley Rd Brooklyn, NY 11226"
0,gelato-summer-popup-hoboken-3,Gelato Summer Popup,5.0,"['Desserts', 'Ice Cream & Frozen Yogurt', 'Food Stands']",1,(347) 891-2586,
0,bukhari-grill-hoboken,Bukhari Grill,1.0,['Indian'],1,(201) 969-3360,"98 Willow Ave Hoboken, NJ 07030"
0,the-bowl-new-york,The Bowl,5.0,"['Japanese', 'Food Trucks']",1,(646) 379-7641,"345 Houston St New York, NY 10014"
0,sisig-city-staten-island,Sisig City,4.0,"['Filipino', 'Food Trucks', 'Caterers']",4,(646) 346-4268,"556 Tompkins Ave Staten Island, NY 10305"
0,eco-hoboken-hoboken,Eco Hoboken,3.0,['American (New)'],1,(201) 706-8224,"249 11th St Hoboken, NJ 07030"
0,tastes-of-brooklyn-brooklyn,Tastes of Brooklyn,5.0,"['Food Tours', 'Festivals', 'Local Flavor']",1,(917) 697-3745,"153 Warren St Brooklyn, NY 11201"
0,subway-hoboken-4,Subway,1.0,"['Sandwiches', 'Fast Food']",2,(201) 942-9888,"5 Marine View Plz Hoboken, NJ 07030"
0,grillshack-port-washington-2,GrillShack,5.0,"['Food Trucks', 'Burgers', 'Party & Event Planning']",2,(516) 220-4873,
0,the-l-i-s-a-project-nyc-new-york-2,The L.I.S.A. Project NYC,3.5,"['Community Service/Non-Profit', 'Public Art']",3,(212) 253-0190,"151 E 3rd St New York, NY 10009"
0,cubano-xpress-belleville,Cubano Xpress,3.5,"['Food Trucks', 'Cuban', 'Caterers']",6,(551) 220-5185,
0,caffe-bon-greenwich-3,Caffe Bon,5.0,"['Food Trucks', 'Coffee & Tea']",2,(203) 536-0524,
0,official-central-park-horse-and-carriage-rides-new-york,Official Central Park Horse & Carriage Rides,4.0,"['Parks', 'Historical Tours']",2,(347) 873-9213,"240 Central Park S New York, NY 10019"
0,whipped-pastry-boutique-brooklyn,Whipped Pastry Boutique,3.5,"['Bakeries', 'Gluten-Free', 'Patisserie/Cake Shop']",3,(718) 858-8088,"37 Richards St Brooklyn, NY 11231"
0,the-famous-river-hot-dog-man-milford,The Famous River Hot Dog Man,3.0,"['Rafting/Kayaking', 'Fast Food']",11,(908) 996-5386,"778 Frenchtown Rd Milford, NJ 08848"
0,try-vegan-millstone-2,Try Vegan,4.0,"['Vegan', 'Juice Bars & Smoothies', 'Food Trucks']",9,(732) 474-6222,
0,cynthias-treats-quogue,Cynthia’s Treats,5.0,"['Cupcakes', 'Bakeries', 'Desserts']",3,(631) 517-0343,
0,the-killing-kompany-comedy-mystery-dinner-shows-new-york,The Killing Kompany Comedy Mystery Dinner Shows,4.0,"['Performing Arts', 'Dinner Theater', 'Event Planning & Services']",7,(212) 772-2590,
0,oasis-tavern-jersey-city,Oasis Tavern,1.0,['Bars'],2,(201) 792-4555,"511 Palisade Ave Jersey City, NJ 07307"
0,halal-food-brooklyn,Halal Food,4.0,"['Food Trucks', 'Halal']",1,,"Graham Ave Brooklyn, NY 11211"
0,hillside-express-halal-food-jamaica,Hillside Express Halal Food,5.0,"['Halal', 'Food Trucks']",1,(718) 554-6955,"168-30 Hillside Ave Jamaica, NY 11432"
